<?xml version="1.0" encoding="UTF-8"?><jasperReport xmlns="http://jasperreports.sourceforge.net/jasperreports" xmlns:xsi="http://www.w3.org/2001/XMLSchema-instance" xsi:schemaLocation="http://jasperreports.sourceforge.net/jasperreports http://jasperreports.sourceforge.net/xsd/jasperreport.xsd" name="classic" columnCount="1" printOrder="Vertical" orientation="Landscape" pageWidth="842" pageHeight="595" columnWidth="842" columnSpacing="0" leftMargin="0" rightMargin="0" topMargin="0" bottomMargin="0" whenNoDataType="NoPages" isTitleNewPage="false" isSummaryNewPage="false" isSummaryWithPageHeaderAndFooter="false" isFloatColumnFooter="false" isIgnorePagination="false"><style name="Barcode" isDefault="false" fontName="Helvetica" fontSize="10" /><parameter name="CurrentTimeStamp" class="java.lang.String" /><parameter name="Timeformat" class="java.lang.String" /><parameter name="Dateformat" class="java.lang.String" /><parameter name="numberformat" class="java.lang.String" /><parameter name="numberNegativeFormat" class="java.lang.String" /><parameter name="reportlogo" class="java.lang.String" /><parameter name="ctxt_language" isForPrompting="true" class="java.lang.Double"><parameterDescription>ctxt_language</parameterDescription><defaultValueExpression>new Double(0)</defaultValueExpression></parameter><parameter name="ctxt_ouinstance" isForPrompting="true" class="java.lang.Double"><parameterDescription>ctxt_ouinstance</parameterDescription><defaultValueExpression>new Double(0)</defaultValueExpression></parameter><parameter name="ctxt_role" isForPrompting="true" class="java.lang.String"><parameterDescription>ctxt_role</parameterDescription><defaultValueExpression>new String ("")</defaultValueExpression></parameter><parameter name="ctxt_user" isForPrompting="true" class="java.lang.String"><parameterDescription>ctxt_user</parameterDescription><defaultValueExpression>new String ("")</defaultValueExpression></parameter><parameter name="spr_cons_from_date" isForPrompting="true" class="java.util.Date"><parameterDescription>spr_cons_from_date</parameterDescription><defaultValueExpression /></parameter><parameter name="spr_cons_rep_ord" isForPrompting="true" class="java.lang.String"><parameterDescription>spr_cons_rep_ord</parameterDescription><defaultValueExpression>new String ("")</defaultValueExpression></parameter><parameter name="spr_cons_spare_prt" isForPrompting="true" class="java.lang.String"><parameterDescription>spr_cons_spare_prt</parameterDescription><defaultValueExpression>new String ("")</defaultValueExpression></parameter><parameter name="spr_cons_supplier" isForPrompting="true" class="java.lang.String"><parameterDescription>spr_cons_supplier</parameterDescription><defaultValueExpression>new String ("")</defaultValueExpression></parameter><parameter name="spr_cons_to_date" isForPrompting="true" class="java.util.Date"><parameterDescription>spr_cons_to_date</parameterDescription><defaultValueExpression /></parameter><parameter name="spr_cons_warehouse" isForPrompting="true" class="java.lang.String"><parameterDescription>spr_cons_warehouse</parameterDescription><defaultValueExpression>new String ("")</defaultValueExpression></parameter><parameter name="SYS_DW_SUB_REP_PATH" isForPrompting="true" class="java.lang.String"><parameterDescription /><defaultValueExpression /></parameter><parameter name="SYS_DW_SUB_REP_CON" isForPrompting="true" class="java.lang.Object"><parameterDescription /><defaultValueExpression /></parameter><parameter name="SYS_DW_WEB_URL" isForPrompting="true" class="java.lang.String"><parameterDescription /><defaultValueExpression /></parameter><queryString>










DECLARE @m_errorid   INT
Exec gaedk_spr_cons_rpt  $P{ctxt_language} , $P{ctxt_ouinstance} , $P{ctxt_role} , $P{ctxt_user} , $P{spr_cons_from_date} , $P{spr_cons_rep_ord} , $P{spr_cons_spare_prt} , $P{spr_cons_supplier} , $P{spr_cons_to_date} , $P{spr_cons_warehouse} , @m_errorid output  </queryString><field name="REP_FRM_WREHSE" class="java.lang.String"><fieldDescription /></field><field name="REP_PART_DESC" class="java.lang.String"><fieldDescription /></field><field name="REP_QUANT" class="java.lang.String"><fieldDescription /></field><field name="REP_REP_SHP" class="java.lang.String"><fieldDescription /></field><field name="REP_REPA_SHP_NO" class="java.lang.String"><fieldDescription /></field><field name="REP_RO_DTE" class="java.lang.String"><fieldDescription /></field><field name="REP_RO_NO" class="java.lang.String"><fieldDescription /></field><field name="REP_RO_STATS" class="java.lang.String"><fieldDescription /></field><field name="REP_SERI_LOT" class="java.lang.String"><fieldDescription /></field><field name="REP_SPARE_PART" class="java.lang.String"><fieldDescription /></field><field name="REP_UOM" class="java.lang.String"><fieldDescription /></field><field name="REP_VAL_INR" class="java.lang.String"><fieldDescription /></field><pageHeader><band height="50" splitType="Stretch"><staticText><reportElement mode="Opaque" x="206" y="15" width="366" height="26" forecolor="#000000" backcolor="#FFFFFF" key="element-24" stretchType="NoStretch" positionType="FixRelativeToTop" isPrintRepeatedValues="true" isRemoveLineWhenBlank="false" isPrintInFirstWholeBand="false" isPrintWhenDetailOverflows="false" /><box topPadding="0" leftPadding="0" bottomPadding="0" rightPadding="0"><pen lineWidth="0.0" /><topPen lineWidth="0.0" lineStyle="Solid" lineColor="#000000" /><leftPen lineWidth="0.0" lineStyle="Solid" lineColor="#000000" /><bottomPen lineWidth="0.0" lineStyle="Solid" lineColor="#000000" /><rightPen lineWidth="0.0" lineStyle="Solid" lineColor="#000000" /></box><textElement textAlignment="Center" verticalAlignment="Top"><font fontName="Arial" pdfFontName="Arial" size="14" isBold="true" isItalic="false" isUnderline="false" isPdfEmbedded="true" pdfEncoding="CP1252" isStrikeThrough="false" /></textElement><text>Spare Consumption Report</text></staticText><image scaleImage="FillFrame" vAlign="Top" hAlign="Left" isUsingCache="false" evaluationTime="Now" hyperlinkType="None" hyperlinkTarget="Blank"><reportElement mode="Opaque" x="676" y="1" width="155" height="43" forecolor="#000000" backcolor="#FFFFFF" key="element-25" stretchType="NoStretch" positionType="FixRelativeToTop" isPrintRepeatedValues="true" isRemoveLineWhenBlank="false" isPrintInFirstWholeBand="false" isPrintWhenDetailOverflows="false" /><box topPadding="0" leftPadding="0" bottomPadding="0" rightPadding="0"><pen lineWidth="0.0" /><topPen lineWidth="0.0" lineStyle="Solid" lineColor="#000000" /><leftPen lineWidth="0.0" lineStyle="Solid" lineColor="#000000" /><bottomPen lineWidth="0.0" lineStyle="Solid" lineColor="#000000" /><rightPen lineWidth="0.0" lineStyle="Solid" lineColor="#000000" /></box><graphicElement><pen lineWidth="0.0" lineStyle="Solid" lineColor="" /></graphicElement><imageExpression>$P{reportlogo}</imageExpression></image></band></pageHeader><columnHeader><band height="20" splitType="Stretch"><staticText><reportElement mode="Opaque" x="0" y="0" width="75" height="20" forecolor="#000000" backcolor="#FFFFFF" key="element-11" stretchType="NoStretch" positionType="FixRelativeToTop" isPrintRepeatedValues="true" isRemoveLineWhenBlank="false" isPrintInFirstWholeBand="false" isPrintWhenDetailOverflows="false" /><box topPadding="0" leftPadding="0" bottomPadding="0" rightPadding="0"><pen lineWidth="0.0" /><topPen lineWidth="0.5" lineStyle="Solid" lineColor="#000000" /><leftPen lineWidth="0.5" lineStyle="Solid" lineColor="#000000" /><bottomPen lineWidth="0.5" lineStyle="Solid" lineColor="#000000" /><rightPen lineWidth="0.5" lineStyle="Solid" lineColor="#000000" /></box><textElement textAlignment="Center" verticalAlignment="Top"><font fontName="Arial" pdfFontName="Arial" size="10" isBold="true" isItalic="false" isUnderline="false" isPdfEmbedded="true" pdfEncoding="CP1252" isStrikeThrough="false" /></textElement><text>RO#</text></staticText><staticText><reportElement mode="Opaque" x="355" y="0" width="70" height="20" forecolor="#000000" backcolor="#FFFFFF" key="element-12" stretchType="NoStretch" positionType="FixRelativeToTop" isPrintRepeatedValues="true" isRemoveLineWhenBlank="false" isPrintInFirstWholeBand="false" isPrintWhenDetailOverflows="false" /><box topPadding="0" leftPadding="0" bottomPadding="0" rightPadding="0"><pen lineWidth="0.0" /><topPen lineWidth="0.5" lineStyle="Solid" lineColor="#000000" /><leftPen lineWidth="0.5" lineStyle="Solid" lineColor="#000000" /><bottomPen lineWidth="0.5" lineStyle="Solid" lineColor="#000000" /><rightPen lineWidth="0.5" lineStyle="Solid" lineColor="#000000" /></box><textElement textAlignment="Center" verticalAlignment="Top"><font fontName="Arial" pdfFontName="Arial" size="10" isBold="true" isItalic="false" isUnderline="false" isPdfEmbedded="true" pdfEncoding="CP1252" isStrikeThrough="false" /></textElement><text>Spare Part #</text></staticText><staticText><reportElement mode="Opaque" x="75" y="0" width="65" height="20" forecolor="#000000" backcolor="#FFFFFF" key="element-13" stretchType="NoStretch" positionType="FixRelativeToTop" isPrintRepeatedValues="true" isRemoveLineWhenBlank="false" isPrintInFirstWholeBand="false" isPrintWhenDetailOverflows="false" /><box topPadding="0" leftPadding="0" bottomPadding="0" rightPadding="0"><pen lineWidth="0.0" /><topPen lineWidth="0.5" lineStyle="Solid" lineColor="#000000" /><leftPen lineWidth="0.5" lineStyle="Solid" lineColor="#000000" /><bottomPen lineWidth="0.5" lineStyle="Solid" lineColor="#000000" /><rightPen lineWidth="0.5" lineStyle="Solid" lineColor="#000000" /></box><textElement textAlignment="Center" verticalAlignment="Top"><font fontName="Arial" pdfFontName="Arial" size="10" isBold="true" isItalic="false" isUnderline="false" isPdfEmbedded="true" pdfEncoding="CP1252" isStrikeThrough="false" /></textElement><text>Repair Shop #</text></staticText><staticText><reportElement mode="Opaque" x="140" y="0" width="90" height="20" forecolor="#000000" backcolor="#FFFFFF" key="element-14" stretchType="NoStretch" positionType="FixRelativeToTop" isPrintRepeatedValues="true" isRemoveLineWhenBlank="false" isPrintInFirstWholeBand="false" isPrintWhenDetailOverflows="false" /><box topPadding="0" leftPadding="0" bottomPadding="0" rightPadding="0"><pen lineWidth="0.0" /><topPen lineWidth="0.5" lineStyle="Solid" lineColor="#000000" /><leftPen lineWidth="0.5" lineStyle="Solid" lineColor="#000000" /><bottomPen lineWidth="0.5" lineStyle="Solid" lineColor="#000000" /><rightPen lineWidth="0.5" lineStyle="Solid" lineColor="#000000" /></box><textElement textAlignment="Center" verticalAlignment="Top"><font fontName="Arial" pdfFontName="Arial" size="10" isBold="true" isItalic="false" isUnderline="false" isPdfEmbedded="true" pdfEncoding="CP1252" isStrikeThrough="false" /></textElement><text>Repair Shop</text></staticText><staticText><reportElement mode="Opaque" x="295" y="0" width="60" height="20" forecolor="#000000" backcolor="#FFFFFF" key="element-15" stretchType="NoStretch" positionType="FixRelativeToTop" isPrintRepeatedValues="true" isRemoveLineWhenBlank="false" isPrintInFirstWholeBand="false" isPrintWhenDetailOverflows="false" /><box topPadding="0" leftPadding="0" bottomPadding="0" rightPadding="0"><pen lineWidth="0.0" /><topPen lineWidth="0.5" lineStyle="Solid" lineColor="#000000" /><leftPen lineWidth="0.2" lineStyle="Solid" lineColor="#000000" /><bottomPen lineWidth="0.5" lineStyle="Solid" lineColor="#000000" /><rightPen lineWidth="0.5" lineStyle="Solid" lineColor="#000000" /></box><textElement textAlignment="Center" verticalAlignment="Top"><font fontName="Arial" pdfFontName="Arial" size="10" isBold="true" isItalic="false" isUnderline="false" isPdfEmbedded="true" pdfEncoding="CP1252" isStrikeThrough="false" /></textElement><text>RO Status</text></staticText><staticText><reportElement mode="Opaque" x="735" y="0" width="95" height="20" forecolor="#000000" backcolor="#FFFFFF" key="element-16" stretchType="NoStretch" positionType="FixRelativeToTop" isPrintRepeatedValues="true" isRemoveLineWhenBlank="false" isPrintInFirstWholeBand="false" isPrintWhenDetailOverflows="false" /><box topPadding="0" leftPadding="0" bottomPadding="0" rightPadding="0"><pen lineWidth="0.0" /><topPen lineWidth="0.5" lineStyle="Solid" lineColor="#000000" /><leftPen lineWidth="0.5" lineStyle="Solid" lineColor="#000000" /><bottomPen lineWidth="0.5" lineStyle="Solid" lineColor="#000000" /><rightPen lineWidth="0.5" lineStyle="Solid" lineColor="#000000" /></box><textElement textAlignment="Center" verticalAlignment="Top"><font fontName="Arial" pdfFontName="Arial" size="10" isBold="true" isItalic="false" isUnderline="false" isPdfEmbedded="true" pdfEncoding="CP1252" isStrikeThrough="false" /></textElement><text>From Warehouse #</text></staticText><staticText><reportElement mode="Opaque" x="425" y="0" width="120" height="20" forecolor="#000000" backcolor="#FFFFFF" key="element-17" stretchType="NoStretch" positionType="FixRelativeToTop" isPrintRepeatedValues="true" isRemoveLineWhenBlank="false" isPrintInFirstWholeBand="false" isPrintWhenDetailOverflows="false" /><box topPadding="0" leftPadding="0" bottomPadding="0" rightPadding="0"><pen lineWidth="0.0" /><topPen lineWidth="0.5" lineStyle="Solid" lineColor="#000000" /><leftPen lineWidth="0.5" lineStyle="Solid" lineColor="#000000" /><bottomPen lineWidth="0.5" lineStyle="Solid" lineColor="#000000" /><rightPen lineWidth="0.5" lineStyle="Solid" lineColor="#000000" /></box><textElement textAlignment="Center" verticalAlignment="Top"><font fontName="Arial" pdfFontName="Arial" size="10" isBold="true" isItalic="false" isUnderline="false" isPdfEmbedded="true" pdfEncoding="CP1252" isStrikeThrough="false" /></textElement><text>Part Description</text></staticText><staticText><reportElement mode="Opaque" x="545" y="0" width="60" height="20" forecolor="#000000" backcolor="#FFFFFF" key="element-18" stretchType="NoStretch" positionType="FixRelativeToTop" isPrintRepeatedValues="true" isRemoveLineWhenBlank="false" isPrintInFirstWholeBand="false" isPrintWhenDetailOverflows="false" /><box topPadding="0" leftPadding="0" bottomPadding="0" rightPadding="0"><pen lineWidth="0.0" /><topPen lineWidth="0.5" lineStyle="Solid" lineColor="#000000" /><leftPen lineWidth="0.5" lineStyle="Solid" lineColor="#000000" /><bottomPen lineWidth="0.5" lineStyle="Solid" lineColor="#000000" /><rightPen lineWidth="0.5" lineStyle="Solid" lineColor="#000000" /></box><textElement textAlignment="Center" verticalAlignment="Top"><font fontName="Arial" pdfFontName="Arial" size="10" isBold="true" isItalic="false" isUnderline="false" isPdfEmbedded="true" pdfEncoding="CP1252" isStrikeThrough="false" /></textElement><text>Serial #/Lot #</text></staticText><staticText><reportElement mode="Opaque" x="605" y="0" width="45" height="20" forecolor="#000000" backcolor="#FFFFFF" key="element-19" stretchType="NoStretch" positionType="FixRelativeToTop" isPrintRepeatedValues="true" isRemoveLineWhenBlank="false" isPrintInFirstWholeBand="false" isPrintWhenDetailOverflows="false" /><box topPadding="0" leftPadding="0" bottomPadding="0" rightPadding="0"><pen lineWidth="0.0" /><topPen lineWidth="0.5" lineStyle="Solid" lineColor="#000000" /><leftPen lineWidth="0.5" lineStyle="Solid" lineColor="#000000" /><bottomPen lineWidth="0.5" lineStyle="Solid" lineColor="#000000" /><rightPen lineWidth="0.5" lineStyle="Solid" lineColor="#000000" /></box><textElement textAlignment="Center" verticalAlignment="Top"><font fontName="Arial" pdfFontName="Arial" size="10" isBold="true" isItalic="false" isUnderline="false" isPdfEmbedded="true" pdfEncoding="CP1252" isStrikeThrough="false" /></textElement><text>Quantity</text></staticText><staticText><reportElement mode="Opaque" x="650" y="0" width="30" height="20" forecolor="#000000" backcolor="#FFFFFF" key="element-20" stretchType="NoStretch" positionType="FixRelativeToTop" isPrintRepeatedValues="true" isRemoveLineWhenBlank="false" isPrintInFirstWholeBand="false" isPrintWhenDetailOverflows="false" /><box topPadding="0" leftPadding="0" bottomPadding="0" rightPadding="0"><pen lineWidth="0.0" /><topPen lineWidth="0.5" lineStyle="Solid" lineColor="#000000" /><leftPen lineWidth="0.5" lineStyle="Solid" lineColor="#000000" /><bottomPen lineWidth="0.5" lineStyle="Solid" lineColor="#000000" /><rightPen lineWidth="0.5" lineStyle="Solid" lineColor="#000000" /></box><textElement textAlignment="Center" verticalAlignment="Top"><font fontName="Arial" pdfFontName="Arial" size="10" isBold="true" isItalic="false" isUnderline="false" isPdfEmbedded="true" pdfEncoding="CP1252" isStrikeThrough="false" /></textElement><text>UOM</text></staticText><staticText><reportElement mode="Opaque" x="680" y="0" width="55" height="20" forecolor="#000000" backcolor="#FFFFFF" key="element-21" stretchType="NoStretch" positionType="FixRelativeToTop" isPrintRepeatedValues="true" isRemoveLineWhenBlank="false" isPrintInFirstWholeBand="false" isPrintWhenDetailOverflows="false" /><box topPadding="0" leftPadding="0" bottomPadding="0" rightPadding="0"><pen lineWidth="0.0" /><topPen lineWidth="0.5" lineStyle="Solid" lineColor="#000000" /><leftPen lineWidth="0.5" lineStyle="Solid" lineColor="#000000" /><bottomPen lineWidth="0.5" lineStyle="Solid" lineColor="#000000" /><rightPen lineWidth="0.5" lineStyle="Solid" lineColor="#000000" /></box><textElement textAlignment="Center" verticalAlignment="Top"><font fontName="Arial" pdfFontName="Arial" size="10" isBold="true" isItalic="false" isUnderline="false" isPdfEmbedded="true" pdfEncoding="CP1252" isStrikeThrough="false" /></textElement><text>Value(INR)</text></staticText><staticText><reportElement mode="Opaque" x="230" y="0" width="65" height="20" forecolor="#000000" backcolor="#FFFFFF" key="element-23" stretchType="NoStretch" positionType="FixRelativeToTop" isPrintRepeatedValues="true" isRemoveLineWhenBlank="false" isPrintInFirstWholeBand="false" isPrintWhenDetailOverflows="false" /><box topPadding="0" leftPadding="0" bottomPadding="0" rightPadding="0"><pen lineWidth="0.0" /><topPen lineWidth="0.5" lineStyle="Solid" lineColor="#000000" /><leftPen lineWidth="0.5" lineStyle="Solid" lineColor="#000000" /><bottomPen lineWidth="0.5" lineStyle="Solid" lineColor="#000000" /><rightPen lineWidth="0.3" lineStyle="Solid" lineColor="#000000" /></box><textElement textAlignment="Center" verticalAlignment="Top"><font fontName="Arial" pdfFontName="Arial" size="10" isBold="true" isItalic="false" isUnderline="false" isPdfEmbedded="true" pdfEncoding="CP1252" isStrikeThrough="false" /></textElement><text>RO Date</text></staticText></band></columnHeader><detail><band height="20" splitType="Stretch"><textField isStretchWithOverflow="false" pattern="" isBlankWhenNull="true" evaluationTime="Now" hyperlinkType="None" hyperlinkTarget="Blank"><reportElement mode="Opaque" x="735" y="0" width="95" height="20" forecolor="#000000" backcolor="#FFFFFF" key="element-0" stretchType="NoStretch" positionType="FixRelativeToTop" isPrintRepeatedValues="true" isRemoveLineWhenBlank="false" isPrintInFirstWholeBand="false" isPrintWhenDetailOverflows="false" /><box topPadding="0" leftPadding="0" bottomPadding="0" rightPadding="0"><pen lineWidth="0.0" /><topPen lineWidth="0.5" lineStyle="Solid" lineColor="#000000" /><leftPen lineWidth="0.5" lineStyle="Solid" lineColor="#000000" /><bottomPen lineWidth="0.5" lineStyle="Solid" lineColor="#000000" /><rightPen lineWidth="0.5" lineStyle="Solid" lineColor="#000000" /></box><textElement textAlignment="Center" verticalAlignment="Middle"><font fontName="Arial" pdfFontName="Arial" size="9" isBold="false" isItalic="false" isUnderline="false" isPdfEmbedded="true" pdfEncoding="CP1252" isStrikeThrough="false" /></textElement><textFieldExpression><![CDATA[$F{REP_FRM_WREHSE}]]></textFieldExpression></textField><textField isStretchWithOverflow="false" pattern="" isBlankWhenNull="true" evaluationTime="Now" hyperlinkType="None" hyperlinkTarget="Blank"><reportElement mode="Opaque" x="0" y="0" width="75" height="20" forecolor="#000000" backcolor="#FFFFFF" key="element-1" stretchType="NoStretch" positionType="FixRelativeToTop" isPrintRepeatedValues="true" isRemoveLineWhenBlank="false" isPrintInFirstWholeBand="false" isPrintWhenDetailOverflows="false" /><box topPadding="0" leftPadding="0" bottomPadding="0" rightPadding="0"><pen lineWidth="0.0" /><topPen lineWidth="0.5" lineStyle="Solid" lineColor="#000000" /><leftPen lineWidth="0.5" lineStyle="Solid" lineColor="#000000" /><bottomPen lineWidth="0.5" lineStyle="Solid" lineColor="#000000" /><rightPen lineWidth="0.5" lineStyle="Solid" lineColor="#000000" /></box><textElement textAlignment="Center" verticalAlignment="Middle"><font fontName="Arial" pdfFontName="Arial" size="8" isBold="false" isItalic="false" isUnderline="false" isPdfEmbedded="true" pdfEncoding="CP1252" isStrikeThrough="false" /></textElement><textFieldExpression><![CDATA[$F{REP_RO_NO}]]></textFieldExpression></textField><textField isStretchWithOverflow="false" pattern="" isBlankWhenNull="true" evaluationTime="Now" hyperlinkType="None" hyperlinkTarget="Blank"><reportElement mode="Opaque" x="75" y="0" width="65" height="20" forecolor="#000000" backcolor="#FFFFFF" key="element-2" stretchType="NoStretch" positionType="FixRelativeToTop" isPrintRepeatedValues="true" isRemoveLineWhenBlank="false" isPrintInFirstWholeBand="false" isPrintWhenDetailOverflows="false" /><box topPadding="0" leftPadding="0" bottomPadding="0" rightPadding="0"><pen lineWidth="0.0" /><topPen lineWidth="0.5" lineStyle="Solid" lineColor="#000000" /><leftPen lineWidth="0.5" lineStyle="Solid" lineColor="#000000" /><bottomPen lineWidth="0.5" lineStyle="Solid" lineColor="#000000" /><rightPen lineWidth="0.5" lineStyle="Solid" lineColor="#000000" /></box><textElement textAlignment="Center" verticalAlignment="Middle"><font fontName="Arial" pdfFontName="Arial" size="9" isBold="false" isItalic="false" isUnderline="false" isPdfEmbedded="true" pdfEncoding="CP1252" isStrikeThrough="false" /></textElement><textFieldExpression><![CDATA[$F{REP_REPA_SHP_NO}]]></textFieldExpression></textField><textField isStretchWithOverflow="false" pattern="" isBlankWhenNull="true" evaluationTime="Now" hyperlinkType="None" hyperlinkTarget="Blank"><reportElement mode="Opaque" x="140" y="0" width="90" height="20" forecolor="#000000" backcolor="#FFFFFF" key="element-3" stretchType="NoStretch" positionType="FixRelativeToTop" isPrintRepeatedValues="true" isRemoveLineWhenBlank="false" isPrintInFirstWholeBand="false" isPrintWhenDetailOverflows="false" /><box topPadding="0" leftPadding="0" bottomPadding="0" rightPadding="0"><pen lineWidth="0.0" /><topPen lineWidth="0.5" lineStyle="Solid" lineColor="#000000" /><leftPen lineWidth="0.5" lineStyle="Solid" lineColor="#000000" /><bottomPen lineWidth="0.5" lineStyle="Solid" lineColor="#000000" /><rightPen lineWidth="0.5" lineStyle="Solid" lineColor="#000000" /></box><textElement textAlignment="Center" verticalAlignment="Middle"><font fontName="Arial" pdfFontName="Arial" size="9" isBold="false" isItalic="false" isUnderline="false" isPdfEmbedded="true" pdfEncoding="CP1252" isStrikeThrough="false" /></textElement><textFieldExpression><![CDATA[$F{REP_REP_SHP}]]></textFieldExpression></textField><textField isStretchWithOverflow="false" pattern="" isBlankWhenNull="true" evaluationTime="Now" hyperlinkType="None" hyperlinkTarget="Blank"><reportElement mode="Opaque" x="230" y="0" width="65" height="20" forecolor="#000000" backcolor="#FFFFFF" key="element-4" stretchType="NoStretch" positionType="FixRelativeToTop" isPrintRepeatedValues="true" isRemoveLineWhenBlank="false" isPrintInFirstWholeBand="false" isPrintWhenDetailOverflows="false" /><box topPadding="0" leftPadding="0" bottomPadding="0" rightPadding="0"><pen lineWidth="0.0" /><topPen lineWidth="0.5" lineStyle="Solid" lineColor="#000000" /><leftPen lineWidth="0.5" lineStyle="Solid" lineColor="#000000" /><bottomPen lineWidth="0.5" lineStyle="Solid" lineColor="#000000" /><rightPen lineWidth="0.3" lineStyle="Solid" lineColor="#000000" /></box><textElement textAlignment="Center" verticalAlignment="Middle"><font fontName="Arial" pdfFontName="Arial" size="9" isBold="false" isItalic="false" isUnderline="false" isPdfEmbedded="true" pdfEncoding="CP1252" isStrikeThrough="false" /></textElement><textFieldExpression><![CDATA[$F{REP_RO_DTE}]]></textFieldExpression></textField><textField isStretchWithOverflow="false" pattern="" isBlankWhenNull="true" evaluationTime="Now" hyperlinkType="None" hyperlinkTarget="Blank"><reportElement mode="Opaque" x="295" y="0" width="60" height="20" forecolor="#000000" backcolor="#FFFFFF" key="element-5" stretchType="NoStretch" positionType="FixRelativeToTop" isPrintRepeatedValues="true" isRemoveLineWhenBlank="false" isPrintInFirstWholeBand="false" isPrintWhenDetailOverflows="false" /><box topPadding="0" leftPadding="0" bottomPadding="0" rightPadding="0"><pen lineWidth="0.0" /><topPen lineWidth="0.5" lineStyle="Solid" lineColor="#000000" /><leftPen lineWidth="0.2" lineStyle="Solid" lineColor="#000000" /><bottomPen lineWidth="0.5" lineStyle="Solid" lineColor="#000000" /><rightPen lineWidth="0.5" lineStyle="Solid" lineColor="#000000" /></box><textElement textAlignment="Center" verticalAlignment="Middle"><font fontName="Arial" pdfFontName="Arial" size="9" isBold="false" isItalic="false" isUnderline="false" isPdfEmbedded="true" pdfEncoding="CP1252" isStrikeThrough="false" /></textElement><textFieldExpression><![CDATA[$F{REP_RO_STATS}]]></textFieldExpression></textField><textField isStretchWithOverflow="false" pattern="" isBlankWhenNull="true" evaluationTime="Now" hyperlinkType="None" hyperlinkTarget="Blank"><reportElement mode="Opaque" x="355" y="0" width="70" height="20" forecolor="#000000" backcolor="#FFFFFF" key="element-6" stretchType="NoStretch" positionType="FixRelativeToTop" isPrintRepeatedValues="true" isRemoveLineWhenBlank="false" isPrintInFirstWholeBand="false" isPrintWhenDetailOverflows="false" /><box topPadding="0" leftPadding="0" bottomPadding="0" rightPadding="0"><pen lineWidth="0.0" /><topPen lineWidth="0.5" lineStyle="Solid" lineColor="#000000" /><leftPen lineWidth="0.5" lineStyle="Solid" lineColor="#000000" /><bottomPen lineWidth="0.5" lineStyle="Solid" lineColor="#000000" /><rightPen lineWidth="0.5" lineStyle="Solid" lineColor="#000000" /></box><textElement textAlignment="Left" verticalAlignment="Middle"><font fontName="Arial" pdfFontName="Arial" size="9" isBold="false" isItalic="false" isUnderline="false" isPdfEmbedded="true" pdfEncoding="CP1252" isStrikeThrough="false" /></textElement><textFieldExpression><![CDATA[$F{REP_SPARE_PART}]]></textFieldExpression></textField><textField isStretchWithOverflow="false" pattern="" isBlankWhenNull="true" evaluationTime="Now" hyperlinkType="None" hyperlinkTarget="Blank"><reportElement mode="Opaque" x="425" y="0" width="120" height="20" forecolor="#000000" backcolor="#FFFFFF" key="element-7" stretchType="NoStretch" positionType="FixRelativeToTop" isPrintRepeatedValues="true" isRemoveLineWhenBlank="false" isPrintInFirstWholeBand="false" isPrintWhenDetailOverflows="false" /><box topPadding="0" leftPadding="0" bottomPadding="0" rightPadding="0"><pen lineWidth="0.0" /><topPen lineWidth="0.5" lineStyle="Solid" lineColor="#000000" /><leftPen lineWidth="0.5" lineStyle="Solid" lineColor="#000000" /><bottomPen lineWidth="0.5" lineStyle="Solid" lineColor="#000000" /><rightPen lineWidth="0.5" lineStyle="Solid" lineColor="#000000" /></box><textElement textAlignment="Left" verticalAlignment="Middle"><font fontName="Arial" pdfFontName="Arial" size="9" isBold="false" isItalic="false" isUnderline="false" isPdfEmbedded="true" pdfEncoding="CP1252" isStrikeThrough="false" /></textElement><textFieldExpression><![CDATA[$F{REP_PART_DESC}]]></textFieldExpression></textField><textField isStretchWithOverflow="false" pattern="" isBlankWhenNull="true" evaluationTime="Now" hyperlinkType="None" hyperlinkTarget="Blank"><reportElement mode="Opaque" x="545" y="0" width="60" height="20" forecolor="#000000" backcolor="#FFFFFF" key="element-8" stretchType="NoStretch" positionType="FixRelativeToTop" isPrintRepeatedValues="true" isRemoveLineWhenBlank="false" isPrintInFirstWholeBand="false" isPrintWhenDetailOverflows="false" /><box topPadding="0" leftPadding="0" bottomPadding="0" rightPadding="0"><pen lineWidth="0.0" /><topPen lineWidth="0.5" lineStyle="Solid" lineColor="#000000" /><leftPen lineWidth="0.5" lineStyle="Solid" lineColor="#000000" /><bottomPen lineWidth="0.5" lineStyle="Solid" lineColor="#000000" /><rightPen lineWidth="0.5" lineStyle="Solid" lineColor="#000000" /></box><textElement textAlignment="Center" verticalAlignment="Middle"><font fontName="Arial" pdfFontName="Arial" size="9" isBold="false" isItalic="false" isUnderline="false" isPdfEmbedded="true" pdfEncoding="CP1252" isStrikeThrough="false" /></textElement><textFieldExpression><![CDATA[$F{REP_SERI_LOT}]]></textFieldExpression></textField><textField isStretchWithOverflow="false" pattern="" isBlankWhenNull="true" evaluationTime="Now" hyperlinkType="None" hyperlinkTarget="Blank"><reportElement mode="Opaque" x="605" y="0" width="45" height="20" forecolor="#000000" backcolor="#FFFFFF" key="element-9" stretchType="NoStretch" positionType="FixRelativeToTop" isPrintRepeatedValues="true" isRemoveLineWhenBlank="false" isPrintInFirstWholeBand="false" isPrintWhenDetailOverflows="false" /><box topPadding="0" leftPadding="0" bottomPadding="0" rightPadding="0"><pen lineWidth="0.0" /><topPen lineWidth="0.5" lineStyle="Solid" lineColor="#000000" /><leftPen lineWidth="0.5" lineStyle="Solid" lineColor="#000000" /><bottomPen lineWidth="0.5" lineStyle="Solid" lineColor="#000000" /><rightPen lineWidth="0.5" lineStyle="Solid" lineColor="#000000" /></box><textElement textAlignment="Center" verticalAlignment="Middle"><font fontName="Arial" pdfFontName="Arial" size="9" isBold="false" isItalic="false" isUnderline="false" isPdfEmbedded="true" pdfEncoding="CP1252" isStrikeThrough="false" /></textElement><textFieldExpression><![CDATA[$F{REP_QUANT}]]></textFieldExpression></textField><textField isStretchWithOverflow="false" pattern="" isBlankWhenNull="true" evaluationTime="Now" hyperlinkType="None" hyperlinkTarget="Blank"><reportElement mode="Opaque" x="650" y="0" width="30" height="20" forecolor="#000000" backcolor="#FFFFFF" key="element-10" stretchType="NoStretch" positionType="FixRelativeToTop" isPrintRepeatedValues="true" isRemoveLineWhenBlank="false" isPrintInFirstWholeBand="false" isPrintWhenDetailOverflows="false" /><box topPadding="0" leftPadding="0" bottomPadding="0" rightPadding="0"><pen lineWidth="0.0" /><topPen lineWidth="0.5" lineStyle="Solid" lineColor="#000000" /><leftPen lineWidth="0.5" lineStyle="Solid" lineColor="#000000" /><bottomPen lineWidth="0.5" lineStyle="Solid" lineColor="#000000" /><rightPen lineWidth="0.5" lineStyle="Solid" lineColor="#000000" /></box><textElement textAlignment="Center" verticalAlignment="Middle"><font fontName="Arial" pdfFontName="Arial" size="9" isBold="false" isItalic="false" isUnderline="false" isPdfEmbedded="true" pdfEncoding="CP1252" isStrikeThrough="false" /></textElement><textFieldExpression><![CDATA[$F{REP_UOM}]]></textFieldExpression></textField><textField isStretchWithOverflow="false" pattern="" isBlankWhenNull="true" evaluationTime="Now" hyperlinkType="None" hyperlinkTarget="Blank"><reportElement mode="Opaque" x="680" y="0" width="55" height="20" forecolor="#000000" backcolor="#FFFFFF" key="element-22" stretchType="NoStretch" positionType="FixRelativeToTop" isPrintRepeatedValues="true" isRemoveLineWhenBlank="false" isPrintInFirstWholeBand="false" isPrintWhenDetailOverflows="false" /><box topPadding="0" leftPadding="0" bottomPadding="0" rightPadding="0"><pen lineWidth="0.0" /><topPen lineWidth="0.5" lineStyle="Solid" lineColor="#000000" /><leftPen lineWidth="0.5" lineStyle="Solid" lineColor="#000000" /><bottomPen lineWidth="0.5" lineStyle="Solid" lineColor="#000000" /><rightPen lineWidth="0.5" lineStyle="Solid" lineColor="#000000" /></box><textElement textAlignment="Left" verticalAlignment="Middle"><font fontName="Arial" pdfFontName="Arial" size="9" isBold="false" isItalic="false" isUnderline="false" isPdfEmbedded="true" pdfEncoding="CP1252" isStrikeThrough="false" /></textElement><textFieldExpression><![CDATA[$F{REP_VAL_INR}]]></textFieldExpression></textField></band></detail></jasperReport>
